trial,testing,parameters,initial_deadline,final_deadline,net_reward,actions,success
1,False,"{'a': 0.9704455335485082, 'e': 0.96}",25,5,-153.18737452021796,"{0: 10, 1: 2, 2: 4, 3: 2, 4: 2}",1
2,False,"{'a': 0.9417645335842487, 'e': 0.9216}",20,0,-118.61575280546339,"{0: 10, 1: 6, 2: 2, 3: 0, 4: 2}",0
3,False,"{'a': 0.9139311852712282, 'e': 0.8847359999999999}",20,0,-73.2642202079131,"{0: 12, 1: 4, 2: 3, 3: 0, 4: 1}",0
4,False,"{'a': 0.8869204367171575, 'e': 0.8493465599999999}",20,6,-148.58030533635602,"{0: 7, 1: 1, 2: 3, 3: 0, 4: 3}",1
5,False,"{'a': 0.8607079764250578, 'e': 0.8153726975999999}",25,0,-87.40106205097736,"{0: 16, 1: 3, 2: 5, 3: 0, 4: 1}",0
6,False,"{'a': 0.835270211411272, 'e': 0.7827577896959999}",25,0,-47.90095592632141,"{0: 17, 1: 3, 2: 5, 3: 0, 4: 0}",0
7,False,"{'a': 0.8105842459701871, 'e': 0.7514474781081598}",20,0,-108.7337672095453,"{0: 14, 1: 2, 2: 1, 3: 1, 4: 2}",0
8,False,"{'a': 0.7866278610665535, 'e': 0.7213895789838334}",20,0,-91.49450694144006,"{0: 11, 1: 3, 2: 5, 3: 0, 4: 1}",0
9,False,"{'a': 0.7633794943368531, 'e': 0.69253399582448}",25,0,-75.53862911150578,"{0: 18, 1: 2, 2: 3, 3: 1, 4: 1}",0
10,False,"{'a': 0.7408182206817179, 'e': 0.6648326359915008}",25,15,-13.741802999553194,"{0: 7, 1: 1, 2: 2, 3: 0, 4: 0}",1
11,False,"{'a': 0.7189237334319262, 'e': 0.6382393305518408}",25,0,-73.22504019754398,"{0: 17, 1: 1, 2: 5, 3: 2, 4: 0}",0
12,False,"{'a': 0.6976763260710311, 'e': 0.6127097573297671}",30,0,-201.70794607605768,"{0: 20, 1: 0, 2: 6, 3: 0, 4: 4}",0
13,False,"{'a': 0.6770568744981647, 'e': 0.5882013670365764}",30,8,-71.13241941205352,"{0: 15, 1: 1, 2: 5, 3: 0, 4: 1}",1
14,False,"{'a': 0.6570468198150567, 'e': 0.5646733123551133}",30,0,-178.23667876208845,"{0: 18, 1: 4, 2: 4, 3: 1, 4: 3}",0
15,False,"{'a': 0.6376281516217733, 'e': 0.5420863798609088}",20,0,-49.01669546700178,"{0: 13, 1: 3, 2: 3, 3: 1, 4: 0}",0
16,False,"{'a': 0.6187833918061408, 'e': 0.5204029246664724}",20,0,-86.58108867950779,"{0: 15, 1: 1, 2: 2, 3: 0, 4: 2}",0
17,False,"{'a': 0.6004955788122659, 'e': 0.49958680767981345}",20,0,-19.07836242203732,"{0: 16, 1: 2, 2: 1, 3: 1, 4: 0}",0
18,False,"{'a': 0.5827482523739896, 'e': 0.4796033353726209}",25,16,-79.13746539569559,"{0: 6, 1: 0, 2: 1, 3: 0, 4: 2}",1
19,False,"{'a': 0.5655254386995372, 'e': 0.4604192019577161}",20,0,-193.83508008477958,"{0: 12, 1: 1, 2: 2, 3: 1, 4: 4}",0
20,False,"{'a': 0.5488116360940265, 'e': 0.4420024338794074}",25,0,-75.89499430137568,"{0: 19, 1: 0, 2: 4, 3: 1, 4: 1}",0
21,False,"{'a': 0.5325918010068972, 'e': 0.42432233652423107}",25,3,-153.71596631303444,"{0: 16, 1: 1, 2: 1, 3: 0, 4: 4}",1
22,False,"{'a': 0.5168513344916993, 'e': 0.4073494430632618}",20,0,-103.68089422021865,"{0: 14, 1: 1, 2: 3, 3: 0, 4: 2}",0
23,False,"{'a': 0.5015760690660556, 'e': 0.3910554653407313}",20,0,-3.2060730286235755,"{0: 17, 1: 1, 2: 1, 3: 1, 4: 0}",0
24,False,"{'a': 0.4867522559599717, 'e': 0.3754132467271021}",25,0,-32.27826794978936,"{0: 18, 1: 3, 2: 4, 3: 0, 4: 0}",0
25,False,"{'a': 0.47236655274101474, 'e': 0.360396716858018}",20,0,-146.44008833072942,"{0: 14, 1: 0, 2: 2, 3: 1, 4: 3}",0
26,False,"{'a': 0.45840601130522357, 'e': 0.34598084818369723}",20,0,8.4484784559146,"{0: 18, 1: 1, 2: 1, 3: 0, 4: 0}",0
27,False,"{'a': 0.44485806622294116, 'e': 0.33214161425634936}",20,0,-87.52718427359635,"{0: 16, 1: 0, 2: 1, 3: 1, 4: 2}",0
28,False,"{'a': 0.43171052342907973, 'e': 0.3188559496860954}",30,0,-37.4427530997774,"{0: 25, 1: 1, 2: 2, 3: 2, 4: 0}",0
29,False,"{'a': 0.418951549247639, 'e': 0.3061017116986515}",20,0,-18.052442280211704,"{0: 16, 1: 3, 2: 0, 3: 1, 4: 0}",0
30,False,"{'a': 0.40656965974059917, 'e': 0.29385764323070546}",20,0,-21.692697166647264,"{0: 17, 1: 2, 2: 0, 3: 0, 4: 1}",0
31,False,"{'a': 0.3945537103716012, 'e': 0.28210333750147726}",25,0,-82.17742652644954,"{0: 18, 1: 1, 2: 4, 3: 1, 4: 1}",0
32,False,"{'a': 0.38289288597511206, 'e': 0.2708192040014181}",25,11,22.007105659804974,"{0: 14, 1: 0, 2: 0, 3: 0, 4: 0}",1
33,False,"{'a': 0.3715766910220457, 'e': 0.2599864358413614}",30,0,-17.492195844968805,"{0: 27, 1: 1, 2: 1, 3: 0, 4: 1}",0
34,False,"{'a': 0.3605949401730783, 'e': 0.24958697840770694}",20,3,11.376149153852337,"{0: 16, 1: 0, 2: 1, 3: 0, 4: 0}",1
35,False,"{'a': 0.3499377491111553, 'e': 0.23960349927139865}",25,11,9.734820104508163,"{0: 13, 1: 0, 2: 1, 3: 0, 4: 0}",1
36,False,"{'a': 0.33959552564493917, 'e': 0.2300193593005427}",30,0,-39.24157634713078,"{0: 25, 1: 2, 2: 2, 3: 0, 4: 1}",0
37,False,"{'a': 0.3295589610751891, 'e': 0.22081858492852097}",35,0,6.941632632833095,"{0: 30, 1: 4, 2: 0, 3: 1, 4: 0}",0
38,False,"{'a': 0.31981902181630395, 'e': 0.21198584153138014}",20,0,-88.51183921001993,"{0: 15, 1: 0, 2: 3, 3: 0, 4: 2}",0
39,False,"{'a': 0.31036694126548503, 'e': 0.20350640787012492}",30,0,-13.18367962672836,"{0: 26, 1: 2, 2: 0, 3: 2, 4: 0}",0
40,False,"{'a': 0.30119421191220214, 'e': 0.19536615155531992}",30,14,-25.15406113656171,"{0: 14, 1: 0, 2: 1, 3: 0, 4: 1}",1
41,False,"{'a': 0.2922925776808594, 'e': 0.18755150549310712}",25,13,-11.435131655968805,"{0: 10, 1: 0, 2: 1, 3: 1, 4: 0}",1
42,False,"{'a': 0.2836540264997704, 'e': 0.18004944527338282}",25,13,14.586488295933286,"{0: 11, 1: 1, 2: 0, 3: 0, 4: 0}",1
43,False,"{'a': 0.27527078308975234, 'e': 0.1728474674624475}",20,12,3.0752226199787334,"{0: 7, 1: 1, 2: 0, 3: 0, 4: 0}",1
44,False,"{'a': 0.26713530196585045, 'e': 0.1659335687639496}",25,3,20.385594777402673,"{0: 21, 1: 0, 2: 1, 3: 0, 4: 0}",1
45,False,"{'a': 0.25924026064589156, 'e': 0.1592962260133916}",20,0,-32.509763331477,"{0: 17, 1: 1, 2: 1, 3: 0, 4: 1}",0
46,False,"{'a': 0.25157855305975657, 'e': 0.15292437697285594}",35,0,-31.47204947977915,"{0: 31, 1: 1, 2: 2, 3: 0, 4: 1}",0
47,False,"{'a': 0.2441432831534371, 'e': 0.1468074018939417}",30,0,-5.726123107729784,"{0: 25, 1: 4, 2: 1, 3: 0, 4: 0}",0
48,False,"{'a': 0.2369277586821218, 'e': 0.14093510581818403}",20,0,-17.177300920981807,"{0: 19, 1: 0, 2: 0, 3: 0, 4: 1}",0
49,False,"{'a': 0.22992548518672387, 'e': 0.13529770158545665}",30,0,-63.93879556814299,"{0: 24, 1: 0, 2: 5, 3: 0, 4: 1}",0
50,False,"{'a': 0.8, 'e': 0.12988579352203838}",20,4,21.574991740019968,"{0: 16, 1: 0, 2: 0, 3: 0, 4: 0}",1
51,False,"{'a': 0.21653566731600707, 'e': 0.12469036178115685}",20,5,22.689019154952508,"{0: 15, 1: 0, 2: 0, 3: 0, 4: 0}",1
52,False,"{'a': 0.21013607120076475, 'e': 0.11970274730991057}",25,0,-18.147409300264886,"{0: 23, 1: 0, 2: 1, 3: 0, 4: 1}",0
53,False,"{'a': 0.20392561173421347, 'e': 0.11491463741751413}",20,14,7.649998534236713,"{0: 6, 1: 0, 2: 0, 3: 0, 4: 0}",1
54,False,"{'a': 0.1978986990836147, 'e': 0.11031805192081356}",25,0,-50.62405699067234,"{0: 22, 1: 1, 2: 0, 3: 0, 4: 2}",0
55,False,"{'a': 0.19204990862075413, 'e': 0.10590532984398102}",20,0,-39.93684095253826,"{0: 17, 1: 0, 2: 2, 3: 0, 4: 1}",0
56,False,"{'a': 0.18637397603941, 'e': 0.10166911665022178}",25,8,-38.59883221227622,"{0: 14, 1: 0, 2: 2, 3: 0, 4: 1}",1
57,False,"{'a': 0.1808657926171221, 'e': 0.09760235198421291}",20,16,6.339386030281708,"{0: 4, 1: 0, 2: 0, 3: 0, 4: 0}",1
58,False,"{'a': 0.1755204006169969, 'e': 0.09369825790484439}",30,12,-16.19858828586113,"{0: 17, 1: 0, 2: 0, 3: 0, 4: 1}",1
59,False,"{'a': 0.17033298882540945, 'e': 0.0899503275886506}",20,0,-20.482798855956084,"{0: 18, 1: 1, 2: 0, 3: 0, 4: 1}",0
60,False,"{'a': 0.1652988882215866, 'e': 0.08635231448510458}",25,0,-9.269808167876006,"{0: 24, 1: 0, 2: 0, 3: 0, 4: 1}",0
61,False,"{'a': 0.1604135677751728, 'e': 0.08289822190570038}",30,12,27.675103759557143,"{0: 18, 1: 0, 2: 0, 3: 0, 4: 0}",1
62,False,"{'a': 0.15567263036799733, 'e': 0.07958229302947237}",25,19,9.943092281840665,"{0: 6, 1: 0, 2: 0, 3: 0, 4: 0}",1
63,False,"{'a': 0.1510718088363709, 'e': 0.07639900130829347}",20,0,-19.22639666551346,"{0: 18, 1: 0, 2: 0, 3: 2, 4: 0}",0
64,False,"{'a': 0.14660696213035015, 'e': 0.07334304125596174}",25,0,-14.814753347580831,"{0: 23, 1: 0, 2: 1, 3: 0, 4: 1}",0
65,False,"{'a': 0.1422740715865136, 'e': 0.07040931960572326}",25,13,-18.73942298977722,"{0: 11, 1: 0, 2: 0, 3: 0, 4: 1}",1
66,False,"{'a': 0.13806923731089282, 'e': 0.06759294682149433}",20,6,-35.900982478971486,"{0: 11, 1: 1, 2: 1, 3: 0, 4: 1}",1
67,False,"{'a': 0.133988674668805, 'e': 0.06488922894863455}",35,17,18.04222119704462,"{0: 17, 1: 0, 2: 1, 3: 0, 4: 0}",1
68,False,"{'a': 0.13002871087842593, 'e': 0.06229365979068917}",25,11,18.08609513535544,"{0: 13, 1: 1, 2: 0, 3: 0, 4: 0}",1
69,False,"{'a': 0.12618578170503877, 'e': 0.0598019133990616}",20,2,11.030022116378602,"{0: 17, 1: 0, 2: 1, 3: 0, 4: 0}",1
70,False,"{'a': 0.12245642825298192, 'e': 0.05740983686309913}",20,8,6.833293688121661,"{0: 11, 1: 0, 2: 1, 3: 0, 4: 0}",1
71,False,"{'a': 0.11883729385240967, 'e': 0.05511344338857516}",20,0,22.609106847354383,"{0: 19, 1: 1, 2: 0, 3: 0, 4: 0}",0
72,False,"{'a': 0.11532512103806253, 'e': 0.052908905653032155}",20,14,10.541064134443241,"{0: 6, 1: 0, 2: 0, 3: 0, 4: 0}",1
73,False,"{'a': 0.11191674861732889, 'e': 0.05079254942691087}",20,0,-17.45629457341704,"{0: 19, 1: 0, 2: 0, 3: 0, 4: 1}",0
74,False,"{'a': 0.10860910882495803, 'e': 0.04876084744983443}",25,4,-31.966722363529207,"{0: 19, 1: 0, 2: 0, 3: 1, 4: 1}",1
75,False,"{'a': 0.10539922456186435, 'e': 0.046810413551841054}",35,12,-8.639503398703567,"{0: 22, 1: 0, 2: 0, 3: 0, 4: 1}",1
76,False,"{'a': 0.10228420671553749, 'e': 0.04493799700976741}",25,0,3.7110206819117417,"{0: 23, 1: 0, 2: 1, 3: 1, 4: 0}",0
77,False,"{'a': 0.09926125155964566, 'e': 0.043140477129376714}",25,14,21.887792492749227,"{0: 11, 1: 0, 2: 0, 3: 0, 4: 0}",1
78,False,"{'a': 0.09632763823049305, 'e': 0.04141485804420164}",25,12,23.85658613246777,"{0: 13, 1: 0, 2: 0, 3: 0, 4: 0}",1
79,False,"{'a': 0.09348072627805848, 'e': 0.03975826372243357}",20,0,27.83425425313545,"{0: 20, 1: 0, 2: 0, 3: 0, 4: 0}",0
80,False,"{'a': 0.09071795328941253, 'e': 0.03816793317353623}",25,0,19.79046366180135,"{0: 23, 1: 2, 2: 0, 3: 0, 4: 0}",0
81,False,"{'a': 0.08803683258237259, 'e': 0.03664121584659478}",20,2,30.148586747054527,"{0: 18, 1: 0, 2: 0, 3: 0, 4: 0}",1
82,False,"{'a': 0.08543495096732125, 'e': 0.03517556721273098}",25,9,24.59460210111309,"{0: 16, 1: 0, 2: 0, 3: 0, 4: 0}",1
83,False,"{'a': 0.08290996657517272, 'e': 0.03376854452422175}",20,13,12.021227186681369,"{0: 7, 1: 0, 2: 0, 3: 0, 4: 0}",1
84,False,"{'a': 0.08045960674953244, 'e': 0.03241780274325288}",20,7,20.183993769991915,"{0: 13, 1: 0, 2: 0, 3: 0, 4: 0}",1
85,False,"{'a': 0.07808166600115318, 'e': 0.03112109063352276}",30,8,23.754120693576834,"{0: 21, 1: 0, 2: 1, 3: 0, 4: 0}",1
86,False,"{'a': 0.07577400402284548, 'e': 0.029876247008181846}",20,13,10.834096670110785,"{0: 7, 1: 0, 2: 0, 3: 0, 4: 0}",1
87,False,"{'a': 0.07353454376305711, 'e': 0.028681197127854573}",25,19,11.383014755590878,"{0: 6, 1: 0, 2: 0, 3: 0, 4: 0}",1
88,False,"{'a': 0.0713612695563861, 'e': 0.02753394924274039}",25,6,27.41359709691672,"{0: 19, 1: 0, 2: 0, 3: 0, 4: 0}",1
89,False,"{'a': 0.069252225309346, 'e': 0.026432591273030773}",30,18,9.111940423003785,"{0: 11, 1: 0, 2: 1, 3: 0, 4: 0}",1
90,False,"{'a': 0.0672055127397498, 'e': 0.02537528762210954}",20,13,9.710024908112764,"{0: 7, 1: 0, 2: 0, 3: 0, 4: 0}",1
91,False,"{'a': 0.06521928966812754, 'e': 0.024360276117225157}",20,14,-11.807392463361719,"{0: 5, 1: 0, 2: 0, 3: 1, 4: 0}",1
92,False,"{'a': 0.06329176835964075, 'e': 0.02338586507253615}",20,0,-45.988021752021524,"{0: 17, 1: 1, 2: 0, 3: 1, 4: 1}",0
93,False,"{'a': 0.061421213915000133, 'e': 0.022450430469634703}",20,0,-19.019251473891764,"{0: 19, 1: 0, 2: 0, 3: 0, 4: 1}",0
94,False,"{'a': 0.059605942708939375, 'e': 0.021552413250849316}",25,3,-60.96706839430602,"{0: 19, 1: 1, 2: 0, 3: 0, 4: 2}",1
95,False,"{'a': 0.05784432087483847, 'e': 0.02069031672081534}",20,0,5.545057563074955,"{0: 18, 1: 1, 2: 1, 3: 0, 4: 0}",0
96,False,"{'a': 0.05613476283413373, 'e': 0.019862704051982726}",20,0,-18.974952273683115,"{0: 18, 1: 1, 2: 0, 3: 0, 4: 1}",0
97,False,"{'a': 0.054475729869189894, 'e': 0.019068195889903418}",30,0,31.49361327689263,"{0: 29, 1: 0, 2: 1, 3: 0, 4: 0}",0
98,False,"{'a': 0.052865728738350375, 'e': 0.01830546805430728}",20,0,28.99986247362289,"{0: 19, 1: 1, 2: 0, 3: 0, 4: 0}",0
99,False,"{'a': 0.05130331033191914, 'e': 0.01757324933213499}",30,8,25.641499949395378,"{0: 21, 1: 1, 2: 0, 3: 0, 4: 0}",1
100,False,"{'a': 0.8, 'e': 0.016870319358849587}",20,0,16.27444243642433,"{0: 19, 1: 1, 2: 0, 3: 0, 4: 0}",0
101,False,"{'a': 0.05, 'e': 0.016195506584495603}",25,2,29.688844322406236,"{0: 23, 1: 0, 2: 0, 3: 0, 4: 0}",1
102,False,"{'a': 0.05, 'e': 0.01554768632111578}",20,0,31.723930668010013,"{0: 20, 1: 0, 2: 0, 3: 0, 4: 0}",1
103,False,"{'a': 0.05, 'e': 0.014925778868271147}",20,0,-54.92395554644199,"{0: 18, 1: 0, 2: 0, 3: 0, 4: 2}",0
104,False,"{'a': 0.05, 'e': 0.0143287477135403}",30,0,22.632205569664784,"{0: 28, 1: 1, 2: 1, 3: 0, 4: 0}",1
105,False,"{'a': 0.05, 'e': 0.013755597804998689}",20,0,9.099659904500763,"{0: 18, 1: 1, 2: 1, 3: 0, 4: 0}",0
106,False,"{'a': 0.05, 'e': 0.01320537389279874}",20,8,22.84017026819706,"{0: 12, 1: 0, 2: 0, 3: 0, 4: 0}",1
107,False,"{'a': 0.05, 'e': 0.01267715893708679}",30,10,26.948299018449305,"{0: 20, 1: 0, 2: 0, 3: 0, 4: 0}",1
108,False,"{'a': 0.05, 'e': 0.012170072579603317}",20,0,24.069267869692876,"{0: 20, 1: 0, 2: 0, 3: 0, 4: 0}",0
109,False,"{'a': 0.05, 'e': 0.011683269676419184}",25,0,26.28662597577197,"{0: 24, 1: 0, 2: 1, 3: 0, 4: 0}",0
110,False,"{'a': 0.05, 'e': 0.011215938889362417}",20,1,34.69818268507141,"{0: 19, 1: 0, 2: 0, 3: 0, 4: 0}",1
111,False,"{'a': 0.05, 'e': 0.010767301333787921}",20,0,-9.591950367937827,"{0: 17, 1: 1, 2: 1, 3: 1, 4: 0}",0
112,False,"{'a': 0.05, 'e': 0.010336609280436403}",20,3,26.425738845968375,"{0: 17, 1: 0, 2: 0, 3: 0, 4: 0}",1
113,False,"{'a': 0.05, 'e': 0.009923144909218947}",25,0,-20.180073699340156,"{0: 23, 1: 0, 2: 1, 3: 0, 4: 1}",0
114,False,"{'a': 0.05, 'e': 0.009526219112850188}",20,0,-15.532802766920012,"{0: 19, 1: 0, 2: 0, 3: 0, 4: 1}",0
115,False,"{'a': 0.05, 'e': 0.00914517034833618}",20,2,26.86872575814764,"{0: 18, 1: 0, 2: 0, 3: 0, 4: 0}",1
116,False,"{'a': 0.05, 'e': 0.008779363534402732}",30,0,28.005443871103076,"{0: 29, 1: 0, 2: 1, 3: 0, 4: 0}",0
117,False,"{'a': 0.05, 'e': 0.008428188993026622}",35,24,-3.9860175952547565,"{0: 10, 1: 0, 2: 0, 3: 1, 4: 0}",1
118,False,"{'a': 0.05, 'e': 0.008091061433305558}",20,4,25.193663640421722,"{0: 16, 1: 0, 2: 0, 3: 0, 4: 0}",1
119,False,"{'a': 0.05, 'e': 0.007767418975973335}",25,9,26.164638906965806,"{0: 16, 1: 0, 2: 0, 3: 0, 4: 0}",1
120,False,"{'a': 0.05, 'e': 0.007456722216934402}",20,14,10.850901648491885,"{0: 6, 1: 0, 2: 0, 3: 0, 4: 0}",1
121,False,"{'a': 0.05, 'e': 0.007158453328257025}",25,7,7.549421452778029,"{0: 16, 1: 0, 2: 2, 3: 0, 4: 0}",1
122,False,"{'a': 0.05, 'e': 0.0068721151951267444}",20,6,21.807726058710443,"{0: 14, 1: 0, 2: 0, 3: 0, 4: 0}",1
123,False,"{'a': 0.05, 'e': 0.006597230587321674}",25,5,27.193075925979734,"{0: 20, 1: 0, 2: 0, 3: 0, 4: 0}",1
124,False,"{'a': 0.05, 'e': 0.006333341363828807}",20,13,9.798897668409221,"{0: 7, 1: 0, 2: 0, 3: 0, 4: 0}",1
125,False,"{'a': 0.05, 'e': 0.006080007709275655}",25,8,28.29867330551066,"{0: 17, 1: 0, 2: 0, 3: 0, 4: 0}",1
126,False,"{'a': 0.05, 'e': 0.005836807400904628}",20,0,10.891439795219648,"{0: 18, 1: 1, 2: 1, 3: 0, 4: 0}",0
127,False,"{'a': 0.05, 'e': 0.005603335104868443}",20,0,28.00645393588763,"{0: 20, 1: 0, 2: 0, 3: 0, 4: 0}",0
128,False,"{'a': 0.05, 'e': 0.005379201700673705}",25,0,-26.983265467342065,"{0: 23, 1: 0, 2: 0, 3: 1, 4: 1}",1
129,False,"{'a': 0.05, 'e': 0.005164033632646756}",25,0,15.636857111959003,"{0: 24, 1: 0, 2: 0, 3: 1, 4: 0}",0
130,False,"{'a': 0.05, 'e': 0.0049574722873408856}",30,17,23.805354312823575,"{0: 13, 1: 0, 2: 0, 3: 0, 4: 0}",1
131,False,"{'a': 0.05, 'e': 0.00475917339584725}",20,8,19.98413051224739,"{0: 12, 1: 0, 2: 0, 3: 0, 4: 0}",1
132,False,"{'a': 0.05, 'e': 0.00456880646001336}",20,0,26.856855857233512,"{0: 20, 1: 0, 2: 0, 3: 0, 4: 0}",0
133,False,"{'a': 0.05, 'e': 0.004386054201612826}",20,0,0.6959698744308732,"{0: 19, 1: 0, 2: 0, 3: 1, 4: 0}",0
134,False,"{'a': 0.05, 'e': 0.004210612033548312}",30,19,20.142476757101214,"{0: 11, 1: 0, 2: 0, 3: 0, 4: 0}",1
135,False,"{'a': 0.05, 'e': 0.00404218755220638}",20,0,23.325692620138856,"{0: 19, 1: 1, 2: 0, 3: 0, 4: 0}",0
136,False,"{'a': 0.05, 'e': 0.0038805000501181243}",30,0,40.61067313739039,"{0: 29, 1: 1, 2: 0, 3: 0, 4: 0}",0
137,False,"{'a': 0.05, 'e': 0.003725280048113399}",25,14,17.894172002021186,"{0: 11, 1: 0, 2: 0, 3: 0, 4: 0}",1
138,False,"{'a': 0.05, 'e': 0.003576268846188863}",25,0,33.90848807465489,"{0: 25, 1: 0, 2: 0, 3: 0, 4: 0}",0
139,False,"{'a': 0.05, 'e': 0.0034332180923413087}",25,0,29.322484549671145,"{0: 24, 1: 1, 2: 0, 3: 0, 4: 0}",0
140,False,"{'a': 0.05, 'e': 0.003295889368647656}",25,15,15.278749718991921,"{0: 10, 1: 0, 2: 0, 3: 0, 4: 0}",1
141,False,"{'a': 0.05, 'e': 0.00316405379390175}",25,0,33.16329036430581,"{0: 25, 1: 0, 2: 0, 3: 0, 4: 0}",0
142,False,"{'a': 0.05, 'e': 0.0030374916421456797}",25,15,23.746393548508454,"{0: 10, 1: 0, 2: 0, 3: 0, 4: 0}",1
143,False,"{'a': 0.05, 'e': 0.0029159919764598524}",20,0,22.794876301840063,"{0: 19, 1: 1, 2: 0, 3: 0, 4: 0}",0
144,False,"{'a': 0.05, 'e': 0.0027993522974014582}",20,0,-15.848793709873366,"{0: 19, 1: 0, 2: 0, 3: 0, 4: 1}",0
145,False,"{'a': 0.05, 'e': 0.0026873782055054}",30,5,-2.208328313713161,"{0: 24, 1: 0, 2: 0, 3: 0, 4: 1}",1
146,False,"{'a': 0.05, 'e': 0.0025798830772851837}",25,15,18.14599958394792,"{0: 10, 1: 0, 2: 0, 3: 0, 4: 0}",1
147,False,"{'a': 0.05, 'e': 0.002476687754193776}",20,14,11.834870656235413,"{0: 6, 1: 0, 2: 0, 3: 0, 4: 0}",1
148,False,"{'a': 0.05, 'e': 0.002377620244026025}",25,17,13.977852272377241,"{0: 8, 1: 0, 2: 0, 3: 0, 4: 0}",1
149,False,"{'a': 0.05, 'e': 0.002282515434264984}",20,15,-3.747824919927258,"{0: 4, 1: 0, 2: 1, 3: 0, 4: 0}",1
150,False,"{'a': 0.8, 'e': 0.0021912148168943845}",30,19,20.411793880137594,"{0: 11, 1: 0, 2: 0, 3: 0, 4: 0}",1
151,False,"{'a': 0.05, 'e': 0.0021035662242186092}",20,12,10.84488118097698,"{0: 8, 1: 0, 2: 0, 3: 0, 4: 0}",1
152,False,"{'a': 0.05, 'e': 0.0020194235752498645}",25,0,22.57385699322819,"{0: 24, 1: 0, 2: 0, 3: 1, 4: 0}",1
153,False,"{'a': 0.05, 'e': 0.0019386466322398699}",25,4,24.998199104287483,"{0: 20, 1: 1, 2: 0, 3: 0, 4: 0}",1
154,False,"{'a': 0.05, 'e': 0.001861100766950275}",25,18,11.478881349004277,"{0: 7, 1: 0, 2: 0, 3: 0, 4: 0}",1
155,False,"{'a': 0.05, 'e': 0.001786656736272264}",20,0,24.55538040381547,"{0: 20, 1: 0, 2: 0, 3: 0, 4: 0}",0
156,False,"{'a': 0.05, 'e': 0.0017151904668213733}",25,12,-20.06798012388487,"{0: 12, 1: 0, 2: 0, 3: 0, 4: 1}",1
157,False,"{'a': 0.05, 'e': 0.0016465828481485184}",30,19,15.74827854586563,"{0: 11, 1: 0, 2: 0, 3: 0, 4: 0}",1
158,False,"{'a': 0.05, 'e': 0.0015807195342225776}",25,3,31.29233899297639,"{0: 22, 1: 0, 2: 0, 3: 0, 4: 0}",1
159,False,"{'a': 0.05, 'e': 0.0015174907528536744}",25,5,24.864569033262818,"{0: 20, 1: 0, 2: 0, 3: 0, 4: 0}",1
160,False,"{'a': 0.05, 'e': 0.0014567911227395273}",20,3,19.58374930614828,"{0: 17, 1: 0, 2: 0, 3: 0, 4: 0}",1
161,False,"{'a': 0.05, 'e': 0.0013985194778299462}",20,6,13.24399135181611,"{0: 13, 1: 1, 2: 0, 3: 0, 4: 0}",1
162,False,"{'a': 0.05, 'e': 0.0013425786987167484}",25,0,30.927527879083367,"{0: 25, 1: 0, 2: 0, 3: 0, 4: 0}",0
163,False,"{'a': 0.05, 'e': 0.0012888755507680784}",20,0,30.338898671876265,"{0: 20, 1: 0, 2: 0, 3: 0, 4: 0}",0
164,False,"{'a': 0.05, 'e': 0.0012373205287373552}",20,0,28.701771489825163,"{0: 20, 1: 0, 2: 0, 3: 0, 4: 0}",0
165,False,"{'a': 0.05, 'e': 0.001187827707587861}",20,16,4.739726528498209,"{0: 4, 1: 0, 2: 0, 3: 0, 4: 0}",1
166,False,"{'a': 0.05, 'e': 0.0011403145992843465}",25,3,36.853372906828156,"{0: 22, 1: 0, 2: 0, 3: 0, 4: 0}",1
167,False,"{'a': 0.05, 'e': 0.0010947020153129726}",25,16,14.266467957275298,"{0: 9, 1: 0, 2: 0, 3: 0, 4: 0}",1
168,False,"{'a': 0.05, 'e': 0.0010509139347004536}",20,0,20.619193558534082,"{0: 20, 1: 0, 2: 0, 3: 0, 4: 0}",0
169,False,"{'a': 0.05, 'e': 0.0010088773773124355}",20,5,25.520311678993465,"{0: 15, 1: 0, 2: 0, 3: 0, 4: 0}",1
170,False,"{'a': 0.05, 'e': 0.000968522282219938}",30,20,18.378967066093082,"{0: 10, 1: 0, 2: 0, 3: 0, 4: 0}",1
171,False,"{'a': 0.05, 'e': 0.0009297813909311404}",30,8,11.450001910669375,"{0: 21, 1: 0, 2: 0, 3: 1, 4: 0}",1
172,False,"{'a': 0.05, 'e': 0.0008925901352938948}",20,0,-11.985334407681886,"{0: 19, 1: 0, 2: 0, 3: 0, 4: 1}",0
173,False,"{'a': 0.05, 'e': 0.000856886529882139}",20,0,26.36429679493216,"{0: 20, 1: 0, 2: 0, 3: 0, 4: 0}",0
174,False,"{'a': 0.05, 'e': 0.0008226110686868534}",20,13,12.301966132672845,"{0: 7, 1: 0, 2: 0, 3: 0, 4: 0}",1
175,False,"{'a': 0.05, 'e': 0.0007897066259393793}",20,8,21.067514231835776,"{0: 12, 1: 0, 2: 0, 3: 0, 4: 0}",1
176,False,"{'a': 0.05, 'e': 0.000758118360901804}",25,0,36.04371824494139,"{0: 25, 1: 0, 2: 0, 3: 0, 4: 0}",0
177,False,"{'a': 0.05, 'e': 0.0007277936264657318}",30,20,17.97936949199797,"{0: 10, 1: 0, 2: 0, 3: 0, 4: 0}",1
178,False,"{'a': 0.05, 'e': 0.0006986818814071025}",25,13,17.480272644175926,"{0: 12, 1: 0, 2: 0, 3: 0, 4: 0}",1
179,False,"{'a': 0.05, 'e': 0.0006707346061508184}",20,12,16.23944691204869,"{0: 8, 1: 0, 2: 0, 3: 0, 4: 0}",1
180,False,"{'a': 0.05, 'e': 0.0006439052219047856}",20,4,19.47965396037915,"{0: 16, 1: 0, 2: 0, 3: 0, 4: 0}",1
181,False,"{'a': 0.05, 'e': 0.0006181490130285942}",30,8,11.676463110024244,"{0: 21, 1: 0, 2: 0, 3: 1, 4: 0}",1
182,False,"{'a': 0.05, 'e': 0.0005934230525074504}",20,0,-8.924842291197605,"{0: 18, 1: 0, 2: 1, 3: 1, 4: 0}",0
183,False,"{'a': 0.05, 'e': 0.0005696861304071523}",25,18,15.158810873915872,"{0: 7, 1: 0, 2: 0, 3: 0, 4: 0}",1
184,False,"{'a': 0.05, 'e': 0.0005468986851908663}",20,12,13.374760346708316,"{0: 8, 1: 0, 2: 0, 3: 0, 4: 0}",1
185,False,"{'a': 0.05, 'e': 0.0005250227377832316}",25,13,21.534279703499244,"{0: 12, 1: 0, 2: 0, 3: 0, 4: 0}",1
186,False,"{'a': 0.05, 'e': 0.0005040218282719023}",20,12,11.111694537425322,"{0: 8, 1: 0, 2: 0, 3: 0, 4: 0}",1
187,False,"{'a': 0.05, 'e': 0.0004838609551410262}",20,4,23.64743379403385,"{0: 16, 1: 0, 2: 0, 3: 0, 4: 0}",1
188,False,"{'a': 0.05, 'e': 0.0004645065169353851}",20,6,26.54790325820034,"{0: 14, 1: 0, 2: 0, 3: 0, 4: 0}",1
189,False,"{'a': 0.05, 'e': 0.00044592625625796973}",25,0,33.981228920470464,"{0: 25, 1: 0, 2: 0, 3: 0, 4: 0}",0
190,False,"{'a': 0.05, 'e': 0.0004280892060076509}",20,0,28.259507213917683,"{0: 20, 1: 0, 2: 0, 3: 0, 4: 0}",0
191,False,"{'a': 0.05, 'e': 0.00041096563776734486}",30,0,40.42369821157047,"{0: 30, 1: 0, 2: 0, 3: 0, 4: 0}",0
192,False,"{'a': 0.05, 'e': 0.00039452701225665103}",20,0,-13.45923445844774,"{0: 19, 1: 0, 2: 0, 3: 0, 4: 1}",0
193,False,"{'a': 0.05, 'e': 0.000378745931766385}",30,12,28.044533180687402,"{0: 18, 1: 0, 2: 0, 3: 0, 4: 0}",1
194,False,"{'a': 0.05, 'e': 0.0003635960944957296}",25,0,-5.326404141089482,"{0: 23, 1: 0, 2: 1, 3: 1, 4: 0}",0
195,False,"{'a': 0.05, 'e': 0.0003490522507159004}",20,9,19.096816741615257,"{0: 11, 1: 0, 2: 0, 3: 0, 4: 0}",1
196,False,"{'a': 0.05, 'e': 0.00033509016068726435}",20,8,21.312519973972446,"{0: 12, 1: 0, 2: 0, 3: 0, 4: 0}",1
197,False,"{'a': 0.05, 'e': 0.0003216865542597738}",20,0,25.860358687778028,"{0: 20, 1: 0, 2: 0, 3: 0, 4: 0}",0
198,False,"{'a': 0.05, 'e': 0.00030881909208938283}",20,14,9.08920384718364,"{0: 6, 1: 0, 2: 0, 3: 0, 4: 0}",1
199,False,"{'a': 0.05, 'e': 0.0002964663284058075}",30,9,34.892789401959426,"{0: 21, 1: 0, 2: 0, 3: 0, 4: 0}",1
200,False,"{'a': 0.8, 'e': 0.00028460767526957515}",20,0,5.734009863011289,"{0: 19, 1: 0, 2: 0, 3: 1, 4: 0}",0
201,False,"{'a': 0.05, 'e': 0.0002732233682587922}",20,0,23.390858180343823,"{0: 20, 1: 0, 2: 0, 3: 0, 4: 0}",0
202,False,"{'a': 0.05, 'e': 0.00026229443352844046}",20,0,20.728677714850804,"{0: 20, 1: 0, 2: 0, 3: 0, 4: 0}",0
203,False,"{'a': 0.05, 'e': 0.0002518026561873028}",20,9,-18.56897227257664,"{0: 10, 1: 0, 2: 0, 3: 0, 4: 1}",1
204,False,"{'a': 0.05, 'e': 0.0002417305499398107}",35,0,52.76788636474742,"{0: 35, 1: 0, 2: 0, 3: 0, 4: 0}",1
205,False,"{'a': 0.05, 'e': 0.00023206132794221826}",25,11,22.552103447916636,"{0: 14, 1: 0, 2: 0, 3: 0, 4: 0}",1
206,False,"{'a': 0.05, 'e': 0.00022277887482452952}",25,12,17.584464654702803,"{0: 13, 1: 0, 2: 0, 3: 0, 4: 0}",1
207,False,"{'a': 0.05, 'e': 0.00021386771983154834}",20,0,19.6515792157342,"{0: 20, 1: 0, 2: 0, 3: 0, 4: 0}",0
208,False,"{'a': 0.05, 'e': 0.0002053130110382864}",30,19,17.36148874610917,"{0: 11, 1: 0, 2: 0, 3: 0, 4: 0}",1
209,False,"{'a': 0.05, 'e': 0.00019710049059675495}",25,15,17.743525985574355,"{0: 10, 1: 0, 2: 0, 3: 0, 4: 0}",1
210,False,"{'a': 0.05, 'e': 0.00018921647097288474}",20,0,-19.707949304659948,"{0: 19, 1: 0, 2: 0, 3: 0, 4: 1}",0
211,False,"{'a': 0.05, 'e': 0.00018164781213396935}",20,0,28.378943659881475,"{0: 20, 1: 0, 2: 0, 3: 0, 4: 0}",0
212,False,"{'a': 0.05, 'e': 0.00017438189964861056}",20,13,13.13963585475715,"{0: 7, 1: 0, 2: 0, 3: 0, 4: 0}",1
213,False,"{'a': 0.05, 'e': 0.00016740662366266612}",20,0,26.56028521811006,"{0: 20, 1: 0, 2: 0, 3: 0, 4: 0}",0
214,False,"{'a': 0.05, 'e': 0.00016071035871615948}",25,1,-26.61791470190463,"{0: 22, 1: 0, 2: 0, 3: 1, 4: 1}",1
215,False,"{'a': 0.05, 'e': 0.0001542819443675131}",25,9,24.393222854818344,"{0: 16, 1: 0, 2: 0, 3: 0, 4: 0}",1
216,False,"{'a': 0.05, 'e': 0.00014811066659281257}",25,5,27.677515272191545,"{0: 20, 1: 0, 2: 0, 3: 0, 4: 0}",1
217,False,"{'a': 0.05, 'e': 0.00014218623992910006}",25,3,37.03632735539586,"{0: 22, 1: 0, 2: 0, 3: 0, 4: 0}",1
218,False,"{'a': 0.05, 'e': 0.00013649879033193605}",20,0,29.16228711419078,"{0: 20, 1: 0, 2: 0, 3: 0, 4: 0}",0
219,False,"{'a': 0.05, 'e': 0.0001310388387186586}",30,21,13.034308008077021,"{0: 9, 1: 0, 2: 0, 3: 0, 4: 0}",1
220,False,"{'a': 0.05, 'e': 0.00012579728516991226}",30,7,39.70026417764948,"{0: 23, 1: 0, 2: 0, 3: 0, 4: 0}",1
221,False,"{'a': 0.05, 'e': 0.00012076539376311576}",20,8,20.161609872271335,"{0: 12, 1: 0, 2: 0, 3: 0, 4: 0}",1
222,False,"{'a': 0.05, 'e': 0.00011593477801259112}",20,8,20.04382069406437,"{0: 12, 1: 0, 2: 0, 3: 0, 4: 0}",1
223,False,"{'a': 0.05, 'e': 0.00011129738689208747}",35,26,14.567648990608749,"{0: 9, 1: 0, 2: 0, 3: 0, 4: 0}",1
224,False,"{'a': 0.05, 'e': 0.00010684549141640397}",35,0,12.103430780837149,"{0: 34, 1: 0, 2: 0, 3: 0, 4: 1}",0
225,False,"{'a': 0.05, 'e': 0.00010257167175974781}",25,12,-19.87109760137747,"{0: 12, 1: 0, 2: 0, 3: 0, 4: 1}",1
226,False,"{'a': 0.05, 'e': 9.846880488935789e-05}",25,0,34.9864120377095,"{0: 25, 1: 0, 2: 0, 3: 0, 4: 0}",0
227,False,"{'a': 0.05, 'e': 9.453005269378357e-05}",20,13,8.130273602130883,"{0: 7, 1: 0, 2: 0, 3: 0, 4: 0}",1
228,False,"{'a': 0.05, 'e': 9.074885058603222e-05}",20,0,7.352069917024318,"{0: 19, 1: 0, 2: 0, 3: 1, 4: 0}",0
229,False,"{'a': 0.05, 'e': 8.711889656259093e-05}",35,0,52.19258308723022,"{0: 35, 1: 0, 2: 0, 3: 0, 4: 0}",0
230,False,"{'a': 0.05, 'e': 8.363414070008729e-05}",20,0,3.1630642997083824,"{0: 19, 1: 0, 2: 0, 3: 1, 4: 0}",0
231,False,"{'a': 0.05, 'e': 8.02887750720838e-05}",20,0,28.32637806209666,"{0: 20, 1: 0, 2: 0, 3: 0, 4: 0}",0
232,False,"{'a': 0.05, 'e': 7.707722406920044e-05}",25,5,36.130692203839025,"{0: 20, 1: 0, 2: 0, 3: 0, 4: 0}",1
233,False,"{'a': 0.05, 'e': 7.399413510643243e-05}",20,8,21.566127899696507,"{0: 12, 1: 0, 2: 0, 3: 0, 4: 0}",1
234,False,"{'a': 0.05, 'e': 7.103436970217512e-05}",30,18,17.2061976853823,"{0: 12, 1: 0, 2: 0, 3: 0, 4: 0}",1
235,False,"{'a': 0.05, 'e': 6.819299491408811e-05}",20,13,7.704842451988374,"{0: 7, 1: 0, 2: 0, 3: 0, 4: 0}",1
236,False,"{'a': 0.05, 'e': 6.546527511752458e-05}",20,5,21.963233532615384,"{0: 15, 1: 0, 2: 0, 3: 0, 4: 0}",1
237,False,"{'a': 0.05, 'e': 6.28466641128236e-05}",25,20,6.490293755199458,"{0: 5, 1: 0, 2: 0, 3: 0, 4: 0}",1
238,False,"{'a': 0.05, 'e': 6.0332797548310656e-05}",20,16,8.890064646092085,"{0: 4, 1: 0, 2: 0, 3: 0, 4: 0}",1
239,False,"{'a': 0.05, 'e': 5.791948564637823e-05}",25,6,8.122897745762145,"{0: 18, 1: 0, 2: 0, 3: 1, 4: 0}",1
240,False,"{'a': 0.05, 'e': 5.56027062205231e-05}",25,0,31.253509182185276,"{0: 25, 1: 0, 2: 0, 3: 0, 4: 0}",0
241,False,"{'a': 0.05, 'e': 5.337859797170217e-05}",25,11,23.959188894405095,"{0: 14, 1: 0, 2: 0, 3: 0, 4: 0}",1
242,False,"{'a': 0.05, 'e': 5.1243454052834086e-05}",20,13,10.169773078421358,"{0: 7, 1: 0, 2: 0, 3: 0, 4: 0}",1
243,False,"{'a': 0.05, 'e': 4.919371589072072e-05}",25,1,34.70657948518782,"{0: 24, 1: 0, 2: 0, 3: 0, 4: 0}",1
244,False,"{'a': 0.05, 'e': 4.722596725509189e-05}",25,17,11.464708444416578,"{0: 8, 1: 0, 2: 0, 3: 0, 4: 0}",1
245,False,"{'a': 0.05, 'e': 4.533692856488821e-05}",30,15,21.382698080789396,"{0: 15, 1: 0, 2: 0, 3: 0, 4: 0}",1
246,False,"{'a': 0.05, 'e': 4.3523451422292684e-05}",25,14,19.94809055857799,"{0: 11, 1: 0, 2: 0, 3: 0, 4: 0}",1
247,False,"{'a': 0.05, 'e': 4.178251336540097e-05}",30,0,42.99608574604277,"{0: 30, 1: 0, 2: 0, 3: 0, 4: 0}",0
248,False,"{'a': 0.05, 'e': 4.0111212830784934e-05}",20,10,15.191985589500131,"{0: 10, 1: 0, 2: 0, 3: 0, 4: 0}",1
249,False,"{'a': 0.05, 'e': 3.850676431755353e-05}",30,4,39.40627556814833,"{0: 26, 1: 0, 2: 0, 3: 0, 4: 0}",1
250,False,"{'a': 0.8, 'e': 3.696649374485139e-05}",25,0,39.49406536649407,"{0: 25, 1: 0, 2: 0, 3: 0, 4: 0}",0
251,False,"{'a': 0.05, 'e': 3.5487833995057335e-05}",35,9,44.77553092839168,"{0: 26, 1: 0, 2: 0, 3: 0, 4: 0}",1
252,False,"{'a': 0.05, 'e': 3.406832063525504e-05}",25,0,38.356295288493754,"{0: 25, 1: 0, 2: 0, 3: 0, 4: 0}",0
253,False,"{'a': 0.05, 'e': 3.270558780984484e-05}",30,0,42.0668878404364,"{0: 30, 1: 0, 2: 0, 3: 0, 4: 0}",0
254,False,"{'a': 0.05, 'e': 3.139736429745104e-05}",20,0,25.82579040449133,"{0: 20, 1: 0, 2: 0, 3: 0, 4: 0}",0
255,False,"{'a': 0.05, 'e': 3.0141469725552998e-05}",30,4,45.12345018959712,"{0: 26, 1: 0, 2: 0, 3: 0, 4: 0}",1
256,False,"{'a': 0.05, 'e': 2.8935810936530878e-05}",20,0,29.360005784439043,"{0: 20, 1: 0, 2: 0, 3: 0, 4: 0}",0
257,False,"{'a': 0.05, 'e': 2.7778378499069642e-05}",25,0,34.03189058378769,"{0: 25, 1: 0, 2: 0, 3: 0, 4: 0}",0
258,False,"{'a': 0.05, 'e': 2.6667243359106854e-05}",25,0,33.63421548349637,"{0: 25, 1: 0, 2: 0, 3: 0, 4: 0}",0
259,False,"{'a': 0.05, 'e': 2.560055362474258e-05}",20,0,4.856851664728117,"{0: 19, 1: 0, 2: 0, 3: 1, 4: 0}",0
260,False,"{'a': 0.05, 'e': 2.4576531479752877e-05}",30,7,34.740734030250515,"{0: 23, 1: 0, 2: 0, 3: 0, 4: 0}",1
261,False,"{'a': 0.05, 'e': 2.359347022056276e-05}",20,0,24.10214984313234,"{0: 20, 1: 0, 2: 0, 3: 0, 4: 0}",0
262,False,"{'a': 0.05, 'e': 2.2649731411740248e-05}",25,9,19.276845324972957,"{0: 16, 1: 0, 2: 0, 3: 0, 4: 0}",1
263,False,"{'a': 0.05, 'e': 2.1743742155270638e-05}",20,14,9.778222885523647,"{0: 6, 1: 0, 2: 0, 3: 0, 4: 0}",1
264,False,"{'a': 0.05, 'e': 2.087399246905981e-05}",20,0,28.854955895172296,"{0: 20, 1: 0, 2: 0, 3: 0, 4: 0}",1
265,False,"{'a': 0.05, 'e': 2.0039032770297417e-05}",20,0,34.20940761965524,"{0: 20, 1: 0, 2: 0, 3: 0, 4: 0}",0
266,False,"{'a': 0.05, 'e': 1.9237471459485522e-05}",20,0,23.00774005164518,"{0: 20, 1: 0, 2: 0, 3: 0, 4: 0}",0
267,False,"{'a': 0.05, 'e': 1.84679726011061e-05}",20,0,27.096257431842584,"{0: 20, 1: 0, 2: 0, 3: 0, 4: 0}",0
268,False,"{'a': 0.05, 'e': 1.7729253697061855e-05}",30,7,35.42289695518025,"{0: 23, 1: 0, 2: 0, 3: 0, 4: 0}",1
269,False,"{'a': 0.05, 'e': 1.7020083549179378e-05}",25,6,15.129284948378556,"{0: 18, 1: 0, 2: 1, 3: 0, 4: 0}",1
270,False,"{'a': 0.05, 'e': 1.6339280207212204e-05}",20,0,20.436592853196533,"{0: 20, 1: 0, 2: 0, 3: 0, 4: 0}",0
271,False,"{'a': 0.05, 'e': 1.5685708998923715e-05}",20,5,21.88767256342485,"{0: 15, 1: 0, 2: 0, 3: 0, 4: 0}",1
272,False,"{'a': 0.05, 'e': 1.5058280638966766e-05}",25,0,21.684991221655814,"{0: 24, 1: 0, 2: 1, 3: 0, 4: 0}",0
273,False,"{'a': 0.05, 'e': 1.4455949413408095e-05}",20,2,25.102225082730804,"{0: 18, 1: 0, 2: 0, 3: 0, 4: 0}",1
274,False,"{'a': 0.05, 'e': 1.387771143687177e-05}",25,15,15.027688446724493,"{0: 10, 1: 0, 2: 0, 3: 0, 4: 0}",1
275,False,"{'a': 0.05, 'e': 1.33226029793969e-05}",20,8,15.72269037783876,"{0: 12, 1: 0, 2: 0, 3: 0, 4: 0}",1
276,False,"{'a': 0.05, 'e': 1.2789698860221023e-05}",20,0,29.166542629119213,"{0: 20, 1: 0, 2: 0, 3: 0, 4: 0}",0
277,False,"{'a': 0.05, 'e': 1.2278110905812181e-05}",25,0,11.112333898065206,"{0: 24, 1: 0, 2: 0, 3: 1, 4: 0}",0
278,False,"{'a': 0.05, 'e': 1.1786986469579693e-05}",30,0,33.095835150516024,"{0: 29, 1: 1, 2: 0, 3: 0, 4: 0}",0
279,False,"{'a': 0.05, 'e': 1.1315507010796505e-05}",20,8,20.213061315075194,"{0: 12, 1: 0, 2: 0, 3: 0, 4: 0}",1
280,False,"{'a': 0.05, 'e': 1.0862886730364646e-05}",30,18,19.667730167587948,"{0: 12, 1: 0, 2: 0, 3: 0, 4: 0}",1
281,False,"{'a': 0.05, 'e': 1.0428371261150058e-05}",20,13,10.468256090612833,"{0: 7, 1: 0, 2: 0, 3: 0, 4: 0}",1
282,False,"{'a': 0.05, 'e': 1.0011236410704057e-05}",30,13,3.5395016335174034,"{0: 16, 1: 0, 2: 0, 3: 1, 4: 0}",1
283,False,"{'a': 0.05, 'e': 9.610786954275893e-06}",20,1,29.060449345148285,"{0: 19, 1: 0, 2: 0, 3: 0, 4: 0}",1
284,False,"{'a': 0.05, 'e': 9.226355476104857e-06}",20,0,27.026170686029747,"{0: 20, 1: 0, 2: 0, 3: 0, 4: 0}",0
285,False,"{'a': 0.05, 'e': 8.857301257060662e-06}",35,15,37.163417919137416,"{0: 20, 1: 0, 2: 0, 3: 0, 4: 0}",1
286,False,"{'a': 0.05, 'e': 8.503009206778236e-06}",30,14,32.439685144338554,"{0: 16, 1: 0, 2: 0, 3: 0, 4: 0}",1
287,False,"{'a': 0.05, 'e': 8.162888838507107e-06}",20,0,27.946064297375976,"{0: 20, 1: 0, 2: 0, 3: 0, 4: 0}",0
288,False,"{'a': 0.05, 'e': 7.836373284966821e-06}",20,0,26.850641650835534,"{0: 20, 1: 0, 2: 0, 3: 0, 4: 0}",0
289,False,"{'a': 0.05, 'e': 7.522918353568149e-06}",20,12,15.299160352894646,"{0: 8, 1: 0, 2: 0, 3: 0, 4: 0}",1
290,False,"{'a': 0.05, 'e': 7.222001619425422e-06}",20,9,15.96083260764065,"{0: 11, 1: 0, 2: 0, 3: 0, 4: 0}",1
291,False,"{'a': 0.05, 'e': 6.933121554648405e-06}",20,13,12.762701436687284,"{0: 7, 1: 0, 2: 0, 3: 0, 4: 0}",1
292,False,"{'a': 0.05, 'e': 6.655796692462468e-06}",20,3,25.394191777789132,"{0: 17, 1: 0, 2: 0, 3: 0, 4: 0}",1
293,False,"{'a': 0.05, 'e': 6.38956482476397e-06}",25,0,40.05056069301833,"{0: 25, 1: 0, 2: 0, 3: 0, 4: 0}",0
294,False,"{'a': 0.05, 'e': 6.133982231773411e-06}",20,11,17.449407011727285,"{0: 9, 1: 0, 2: 0, 3: 0, 4: 0}",1
295,False,"{'a': 0.05, 'e': 5.888622942502474e-06}",20,0,22.18485392764647,"{0: 20, 1: 0, 2: 0, 3: 0, 4: 0}",0
296,False,"{'a': 0.05, 'e': 5.653078024802375e-06}",30,8,33.46276944848209,"{0: 22, 1: 0, 2: 0, 3: 0, 4: 0}",1
297,False,"{'a': 0.05, 'e': 5.42695490381028e-06}",20,4,25.115675088463142,"{0: 16, 1: 0, 2: 0, 3: 0, 4: 0}",1
298,False,"{'a': 0.05, 'e': 5.209876707657869e-06}",35,8,41.79734279299182,"{0: 27, 1: 0, 2: 0, 3: 0, 4: 0}",1
299,False,"{'a': 0.05, 'e': 5.001481639351554e-06}",25,5,28.472909653764912,"{0: 20, 1: 0, 2: 0, 3: 0, 4: 0}",1
300,False,"{'a': 0.8, 'e': 4.801422373777491e-06}",30,12,29.071714941419444,"{0: 18, 1: 0, 2: 0, 3: 0, 4: 0}",1
301,False,"{'a': 0.05, 'e': 4.609365478826391e-06}",25,10,27.87749598751213,"{0: 15, 1: 0, 2: 0, 3: 0, 4: 0}",1
302,False,"{'a': 0.05, 'e': 4.424990859673335e-06}",20,8,18.34695115613085,"{0: 12, 1: 0, 2: 0, 3: 0, 4: 0}",1
303,False,"{'a': 0.05, 'e': 4.247991225286402e-06}",30,0,44.9475045849309,"{0: 30, 1: 0, 2: 0, 3: 0, 4: 0}",0
304,False,"{'a': 0.05, 'e': 4.078071576274945e-06}",20,0,30.658129040737375,"{0: 20, 1: 0, 2: 0, 3: 0, 4: 0}",0
305,False,"{'a': 0.05, 'e': 3.9149487132239474e-06}",25,0,29.27757433720899,"{0: 25, 1: 0, 2: 0, 3: 0, 4: 0}",0
306,False,"{'a': 0.05, 'e': 3.7583507646949897e-06}",20,0,29.230285760177644,"{0: 20, 1: 0, 2: 0, 3: 0, 4: 0}",1
307,False,"{'a': 0.05, 'e': 3.60801673410719e-06}",20,8,19.466591518599202,"{0: 12, 1: 0, 2: 0, 3: 0, 4: 0}",1
308,False,"{'a': 0.05, 'e': 3.463696064742902e-06}",20,0,26.38252425730706,"{0: 20, 1: 0, 2: 0, 3: 0, 4: 0}",0
309,False,"{'a': 0.05, 'e': 3.325148222153186e-06}",25,3,36.4298909890458,"{0: 22, 1: 0, 2: 0, 3: 0, 4: 0}",1
310,False,"{'a': 0.05, 'e': 3.1921422932670584e-06}",20,3,24.729072715740443,"{0: 17, 1: 0, 2: 0, 3: 0, 4: 0}",1
311,False,"{'a': 0.05, 'e': 3.064456601536376e-06}",20,3,24.7202647999647,"{0: 17, 1: 0, 2: 0, 3: 0, 4: 0}",1
312,False,"{'a': 0.05, 'e': 2.941878337474921e-06}",20,11,16.267983557592828,"{0: 9, 1: 0, 2: 0, 3: 0, 4: 0}",1
313,False,"{'a': 0.05, 'e': 2.824203203975924e-06}",25,2,29.89417713959756,"{0: 23, 1: 0, 2: 0, 3: 0, 4: 0}",1
314,False,"{'a': 0.05, 'e': 2.711235075816887e-06}",25,2,34.01150987967622,"{0: 23, 1: 0, 2: 0, 3: 0, 4: 0}",1
315,False,"{'a': 0.05, 'e': 2.6027856727842115e-06}",20,0,31.286635004704177,"{0: 20, 1: 0, 2: 0, 3: 0, 4: 0}",0
316,False,"{'a': 0.05, 'e': 2.498674245872843e-06}",20,16,7.143638442432352,"{0: 4, 1: 0, 2: 0, 3: 0, 4: 0}",1
317,False,"{'a': 0.05, 'e': 2.398727276037929e-06}",30,0,44.594511523347,"{0: 30, 1: 0, 2: 0, 3: 0, 4: 0}",0
318,False,"{'a': 0.05, 'e': 2.3027781849964117e-06}",30,18,18.324350558652252,"{0: 12, 1: 0, 2: 0, 3: 0, 4: 0}",1
319,False,"{'a': 0.05, 'e': 2.2106670575965552e-06}",30,0,44.32636193093087,"{0: 30, 1: 0, 2: 0, 3: 0, 4: 0}",0
320,False,"{'a': 0.05, 'e': 2.122240375292693e-06}",25,0,41.169159515955315,"{0: 25, 1: 0, 2: 0, 3: 0, 4: 0}",0
321,False,"{'a': 0.05, 'e': 2.0373507602809853e-06}",20,7,23.793897914597345,"{0: 13, 1: 0, 2: 0, 3: 0, 4: 0}",1
322,False,"{'a': 0.05, 'e': 1.9558567298697455e-06}",30,16,23.389045677477394,"{0: 14, 1: 0, 2: 0, 3: 0, 4: 0}",1
323,False,"{'a': 0.05, 'e': 1.8776224606749556e-06}",20,0,10.262984886723974,"{0: 19, 1: 0, 2: 0, 3: 1, 4: 0}",1
324,False,"{'a': 0.05, 'e': 1.8025175622479573e-06}",20,0,29.134819536880908,"{0: 20, 1: 0, 2: 0, 3: 0, 4: 0}",0
325,False,"{'a': 0.05, 'e': 1.730416859758039e-06}",25,0,35.58056792126538,"{0: 25, 1: 0, 2: 0, 3: 0, 4: 0}",0
326,False,"{'a': 0.05, 'e': 1.6612001853677173e-06}",20,10,21.025108952395794,"{0: 10, 1: 0, 2: 0, 3: 0, 4: 0}",1
327,False,"{'a': 0.05, 'e': 1.5947521779530086e-06}",30,0,39.92192997336879,"{0: 30, 1: 0, 2: 0, 3: 0, 4: 0}",0
328,False,"{'a': 0.05, 'e': 1.5309620908348884e-06}",30,0,40.50167169222992,"{0: 30, 1: 0, 2: 0, 3: 0, 4: 0}",1
329,False,"{'a': 0.05, 'e': 1.4697236072014927e-06}",25,2,33.06024994507704,"{0: 23, 1: 0, 2: 0, 3: 0, 4: 0}",1
330,False,"{'a': 0.05, 'e': 1.410934662913433e-06}",25,8,19.898943815978882,"{0: 17, 1: 0, 2: 0, 3: 0, 4: 0}",1
331,False,"{'a': 0.05, 'e': 1.3544972763968955e-06}",30,2,39.84476577224366,"{0: 28, 1: 0, 2: 0, 3: 0, 4: 0}",1
332,False,"{'a': 0.05, 'e': 1.3003173853410196e-06}",30,15,23.78948037367471,"{0: 15, 1: 0, 2: 0, 3: 0, 4: 0}",1
333,False,"{'a': 0.05, 'e': 1.2483046899273788e-06}",20,0,23.2832149554916,"{0: 20, 1: 0, 2: 0, 3: 0, 4: 0}",0
334,False,"{'a': 0.05, 'e': 1.1983725023302836e-06}",25,15,18.35337700374623,"{0: 10, 1: 0, 2: 0, 3: 0, 4: 0}",1
335,False,"{'a': 0.05, 'e': 1.1504376022370723e-06}",25,3,36.66134065901089,"{0: 22, 1: 0, 2: 0, 3: 0, 4: 0}",1
336,False,"{'a': 0.05, 'e': 1.1044200981475894e-06}",30,13,26.14076286681871,"{0: 17, 1: 0, 2: 0, 3: 0, 4: 0}",1
337,False,"{'a': 0.05, 'e': 1.0602432942216856e-06}",20,0,24.809168235273507,"{0: 20, 1: 0, 2: 0, 3: 0, 4: 0}",0
338,False,"{'a': 0.05, 'e': 1.0178335624528183e-06}",30,18,19.59850906180091,"{0: 12, 1: 0, 2: 0, 3: 0, 4: 0}",1
339,False,"{'a': 0.05, 'e': 9.771202199547056e-07}",20,12,15.35564122394172,"{0: 8, 1: 0, 2: 0, 3: 0, 4: 0}",1
340,False,"{'a': 0.05, 'e': 9.380354111565173e-07}",25,0,36.33660722852825,"{0: 25, 1: 0, 2: 0, 3: 0, 4: 0}",0
341,False,"{'a': 0.05, 'e': 9.005139947102565e-07}",20,8,17.859092244552375,"{0: 12, 1: 0, 2: 0, 3: 0, 4: 0}",1
342,False,"{'a': 0.05, 'e': 8.644934349218462e-07}",25,0,29.122527781023923,"{0: 25, 1: 0, 2: 0, 3: 0, 4: 0}",0
343,False,"{'a': 0.05, 'e': 8.299136975249723e-07}",30,16,26.151832274548276,"{0: 14, 1: 0, 2: 0, 3: 0, 4: 0}",1
344,False,"{'a': 0.05, 'e': 7.967171496239734e-07}",20,0,27.571605792892676,"{0: 20, 1: 0, 2: 0, 3: 0, 4: 0}",0
345,False,"{'a': 0.05, 'e': 7.648484636390145e-07}",20,2,23.875769791943934,"{0: 18, 1: 0, 2: 0, 3: 0, 4: 0}",1
346,False,"{'a': 0.05, 'e': 7.342545250934538e-07}",25,0,39.57720926010323,"{0: 25, 1: 0, 2: 0, 3: 0, 4: 0}",0
347,False,"{'a': 0.05, 'e': 7.048843440897157e-07}",20,0,25.75971496570099,"{0: 20, 1: 0, 2: 0, 3: 0, 4: 0}",0
348,False,"{'a': 0.05, 'e': 6.76688970326127e-07}",20,3,17.765638550885974,"{0: 16, 1: 1, 2: 0, 3: 0, 4: 0}",1
349,False,"{'a': 0.05, 'e': 6.496214115130819e-07}",30,18,21.201843350544493,"{0: 12, 1: 0, 2: 0, 3: 0, 4: 0}",1
350,False,"{'a': 0.8, 'e': 6.236365550525586e-07}",20,16,6.462856732243569,"{0: 4, 1: 0, 2: 0, 3: 0, 4: 0}",1
351,False,"{'a': 0.05, 'e': 5.986910928504562e-07}",30,0,32.74954358888241,"{0: 30, 1: 0, 2: 0, 3: 0, 4: 0}",0
352,False,"{'a': 0.05, 'e': 5.74743449136438e-07}",20,11,15.774545982847457,"{0: 9, 1: 0, 2: 0, 3: 0, 4: 0}",1
353,False,"{'a': 0.05, 'e': 5.517537111709804e-07}",30,20,21.521018763978578,"{0: 10, 1: 0, 2: 0, 3: 0, 4: 0}",1
354,False,"{'a': 0.05, 'e': 5.296835627241412e-07}",20,3,23.83322594314755,"{0: 17, 1: 0, 2: 0, 3: 0, 4: 0}",1
355,False,"{'a': 0.05, 'e': 5.084962202151755e-07}",30,24,8.083932428590968,"{0: 6, 1: 0, 2: 0, 3: 0, 4: 0}",1
356,False,"{'a': 0.05, 'e': 4.881563714065685e-07}",35,23,22.3598642406409,"{0: 12, 1: 0, 2: 0, 3: 0, 4: 0}",1
357,False,"{'a': 0.05, 'e': 4.6863011655030574e-07}",20,0,-16.194972805533386,"{0: 19, 1: 0, 2: 0, 3: 0, 4: 1}",0
358,False,"{'a': 0.05, 'e': 4.498849118882935e-07}",20,0,29.317268858149262,"{0: 20, 1: 0, 2: 0, 3: 0, 4: 0}",0
359,False,"{'a': 0.05, 'e': 4.318895154127617e-07}",30,10,32.04522584981486,"{0: 20, 1: 0, 2: 0, 3: 0, 4: 0}",1
360,False,"{'a': 0.05, 'e': 4.1461393479625127e-07}",30,0,42.6669485015653,"{0: 30, 1: 0, 2: 0, 3: 0, 4: 0}",0
361,False,"{'a': 0.05, 'e': 3.980293774044012e-07}",25,0,17.87519190819187,"{0: 24, 1: 0, 2: 0, 3: 1, 4: 0}",0
362,False,"{'a': 0.05, 'e': 3.8210820230822514e-07}",20,0,20.45657092054989,"{0: 20, 1: 0, 2: 0, 3: 0, 4: 0}",0
363,False,"{'a': 0.05, 'e': 3.668238742158961e-07}",25,2,30.58411957628126,"{0: 23, 1: 0, 2: 0, 3: 0, 4: 0}",1
364,False,"{'a': 0.05, 'e': 3.5215091924726023e-07}",30,12,28.33028187111674,"{0: 18, 1: 0, 2: 0, 3: 0, 4: 0}",1
365,False,"{'a': 0.05, 'e': 3.380648824773698e-07}",20,0,18.00611469916878,"{0: 19, 1: 1, 2: 0, 3: 0, 4: 0}",0
366,False,"{'a': 0.05, 'e': 3.2454228717827503e-07}",25,0,12.349391594471896,"{0: 24, 1: 0, 2: 0, 3: 1, 4: 0}",0
367,False,"{'a': 0.05, 'e': 3.11560595691144e-07}",20,0,30.925503480086665,"{0: 20, 1: 0, 2: 0, 3: 0, 4: 0}",0
368,False,"{'a': 0.05, 'e': 2.990981718634982e-07}",20,0,29.007042790527063,"{0: 20, 1: 0, 2: 0, 3: 0, 4: 0}",0
369,False,"{'a': 0.05, 'e': 2.871342449889583e-07}",20,8,23.85447716807404,"{0: 12, 1: 0, 2: 0, 3: 0, 4: 0}",1
370,False,"{'a': 0.05, 'e': 2.7564887518939996e-07}",25,10,28.645687549440257,"{0: 15, 1: 0, 2: 0, 3: 0, 4: 0}",1
371,False,"{'a': 0.05, 'e': 2.6462292018182393e-07}",20,12,15.866653927201353,"{0: 8, 1: 0, 2: 0, 3: 0, 4: 0}",1
372,False,"{'a': 0.05, 'e': 2.5403800337455095e-07}",20,0,31.22624602166253,"{0: 20, 1: 0, 2: 0, 3: 0, 4: 0}",0
373,False,"{'a': 0.05, 'e': 2.438764832395689e-07}",30,9,30.401728736405325,"{0: 21, 1: 0, 2: 0, 3: 0, 4: 0}",1
374,False,"{'a': 0.05, 'e': 2.3412142390998616e-07}",30,0,34.924102923559055,"{0: 30, 1: 0, 2: 0, 3: 0, 4: 0}",0
375,False,"{'a': 0.05, 'e': 2.247565669535867e-07}",20,0,34.202058217228384,"{0: 20, 1: 0, 2: 0, 3: 0, 4: 0}",0
376,False,"{'a': 0.05, 'e': 2.1576630427544322e-07}",20,3,28.96048172307898,"{0: 17, 1: 0, 2: 0, 3: 0, 4: 0}",1
377,False,"{'a': 0.05, 'e': 2.071356521044255e-07}",20,9,23.208598471692255,"{0: 11, 1: 0, 2: 0, 3: 0, 4: 0}",1
378,False,"{'a': 0.05, 'e': 1.9885022602024846e-07}",20,7,26.024669297295866,"{0: 13, 1: 0, 2: 0, 3: 0, 4: 0}",1
379,False,"{'a': 0.05, 'e': 1.9089621697943852e-07}",20,14,10.376883741851866,"{0: 6, 1: 0, 2: 0, 3: 0, 4: 0}",1
380,False,"{'a': 0.05, 'e': 1.8326036830026098e-07}",30,19,19.332692667983235,"{0: 11, 1: 0, 2: 0, 3: 0, 4: 0}",1
381,False,"{'a': 0.05, 'e': 1.7592995356825053e-07}",30,0,43.437600698852926,"{0: 30, 1: 0, 2: 0, 3: 0, 4: 0}",0
382,False,"{'a': 0.05, 'e': 1.6889275542552051e-07}",20,14,7.893237069169387,"{0: 6, 1: 0, 2: 0, 3: 0, 4: 0}",1
383,False,"{'a': 0.05, 'e': 1.6213704520849967e-07}",25,9,27.6417848761677,"{0: 16, 1: 0, 2: 0, 3: 0, 4: 0}",1
384,False,"{'a': 0.05, 'e': 1.5565156340015967e-07}",20,12,13.413510924162505,"{0: 8, 1: 0, 2: 0, 3: 0, 4: 0}",1
385,False,"{'a': 0.05, 'e': 1.494255008641533e-07}",25,4,26.732273812623852,"{0: 21, 1: 0, 2: 0, 3: 0, 4: 0}",1
386,False,"{'a': 0.05, 'e': 1.4344848082958716e-07}",20,0,28.689471678849824,"{0: 20, 1: 0, 2: 0, 3: 0, 4: 0}",0
387,False,"{'a': 0.05, 'e': 1.3771054159640366e-07}",20,9,21.137641525243808,"{0: 11, 1: 0, 2: 0, 3: 0, 4: 0}",1
388,False,"{'a': 0.05, 'e': 1.322021199325475e-07}",30,0,46.97910552550983,"{0: 30, 1: 0, 2: 0, 3: 0, 4: 0}",0
389,False,"{'a': 0.05, 'e': 1.269140351352456e-07}",20,11,12.71747081565251,"{0: 9, 1: 0, 2: 0, 3: 0, 4: 0}",1
390,False,"{'a': 0.05, 'e': 1.2183747372983578e-07}",25,0,32.90240520679619,"{0: 25, 1: 0, 2: 0, 3: 0, 4: 0}",0
391,False,"{'a': 0.05, 'e': 1.1696397478064235e-07}",30,0,39.12724571339778,"{0: 30, 1: 0, 2: 0, 3: 0, 4: 0}",0
392,False,"{'a': 0.05, 'e': 1.1228541578941664e-07}",25,0,-12.708169172313784,"{0: 24, 1: 0, 2: 0, 3: 0, 4: 1}",0
393,False,"{'a': 0.05, 'e': 1.0779399915783997e-07}",20,0,26.489310913834867,"{0: 20, 1: 0, 2: 0, 3: 0, 4: 0}",0
394,False,"{'a': 0.05, 'e': 1.0348223919152637e-07}",25,0,31.254808167741253,"{0: 25, 1: 0, 2: 0, 3: 0, 4: 0}",0
395,False,"{'a': 0.05, 'e': 9.934294962386531e-08}",30,23,9.703962014261252,"{0: 7, 1: 0, 2: 0, 3: 0, 4: 0}",1
396,False,"{'a': 0.05, 'e': 9.53692316389107e-08}",30,0,43.99779241835509,"{0: 30, 1: 0, 2: 0, 3: 0, 4: 0}",0
397,False,"{'a': 0.05, 'e': 9.155446237335426e-08}",20,0,27.29469598339462,"{0: 20, 1: 0, 2: 0, 3: 0, 4: 0}",0
398,False,"{'a': 0.05, 'e': 8.78922838784201e-08}",20,0,27.2990439150045,"{0: 20, 1: 0, 2: 0, 3: 0, 4: 0}",0
399,False,"{'a': 0.05, 'e': 8.437659252328329e-08}",30,14,24.23572945035608,"{0: 16, 1: 0, 2: 0, 3: 0, 4: 0}",1
400,False,"{'a': 0.8, 'e': 8.100152882235195e-08}",30,3,40.94408981338816,"{0: 27, 1: 0, 2: 0, 3: 0, 4: 0}",1
401,False,"{'a': 0.05, 'e': 7.776146766945787e-08}",30,14,28.384698492596556,"{0: 16, 1: 0, 2: 0, 3: 0, 4: 0}",1
402,False,"{'a': 0.05, 'e': 7.465100896267955e-08}",35,13,35.07838861743553,"{0: 22, 1: 0, 2: 0, 3: 0, 4: 0}",1
403,False,"{'a': 0.05, 'e': 7.166496860417237e-08}",20,11,17.02486447257808,"{0: 9, 1: 0, 2: 0, 3: 0, 4: 0}",1
404,False,"{'a': 0.05, 'e': 6.879836986000548e-08}",25,3,27.846367294935828,"{0: 22, 1: 0, 2: 0, 3: 0, 4: 0}",1
405,False,"{'a': 0.05, 'e': 6.604643506560525e-08}",35,0,44.008624851017096,"{0: 35, 1: 0, 2: 0, 3: 0, 4: 0}",1
406,False,"{'a': 0.05, 'e': 6.340457766298103e-08}",30,8,35.55765515058322,"{0: 22, 1: 0, 2: 0, 3: 0, 4: 0}",1
407,False,"{'a': 0.05, 'e': 6.086839455646179e-08}",30,14,26.177649229623924,"{0: 16, 1: 0, 2: 0, 3: 0, 4: 0}",1
408,False,"{'a': 0.05, 'e': 5.8433658774203317e-08}",20,0,21.377428057698065,"{0: 20, 1: 0, 2: 0, 3: 0, 4: 0}",0
409,False,"{'a': 0.05, 'e': 5.609631242323518e-08}",30,6,27.372141127041186,"{0: 24, 1: 0, 2: 0, 3: 0, 4: 0}",1
410,False,"{'a': 0.05, 'e': 5.385245992630578e-08}",20,0,22.190328189284717,"{0: 20, 1: 0, 2: 0, 3: 0, 4: 0}",0
411,False,"{'a': 0.05, 'e': 5.169836152925354e-08}",20,14,8.951669510551627,"{0: 6, 1: 0, 2: 0, 3: 0, 4: 0}",1
412,False,"{'a': 0.05, 'e': 4.96304270680834e-08}",20,0,23.57214696582478,"{0: 20, 1: 0, 2: 0, 3: 0, 4: 0}",0
413,False,"{'a': 0.05, 'e': 4.7645209985360056e-08}",25,3,1.2724347829716116,"{0: 20, 1: 0, 2: 1, 3: 1, 4: 0}",1
414,False,"{'a': 0.05, 'e': 4.573940158594566e-08}",20,0,24.845569678750767,"{0: 20, 1: 0, 2: 0, 3: 0, 4: 0}",0
415,False,"{'a': 0.05, 'e': 4.3909825522507826e-08}",20,0,28.13948372149138,"{0: 20, 1: 0, 2: 0, 3: 0, 4: 0}",1
416,False,"{'a': 0.05, 'e': 4.215343250160751e-08}",25,2,37.73917145254982,"{0: 23, 1: 0, 2: 0, 3: 0, 4: 0}",1
417,False,"{'a': 0.05, 'e': 4.046729520154321e-08}",20,2,25.837714823723495,"{0: 18, 1: 0, 2: 0, 3: 0, 4: 0}",1
418,False,"{'a': 0.05, 'e': 3.884860339348148e-08}",30,2,34.475291573005684,"{0: 28, 1: 0, 2: 0, 3: 0, 4: 0}",1
419,False,"{'a': 0.05, 'e': 3.729465925774222e-08}",25,5,28.69518913404071,"{0: 20, 1: 0, 2: 0, 3: 0, 4: 0}",1
420,False,"{'a': 0.05, 'e': 3.580287288743253e-08}",25,7,30.088307965231355,"{0: 18, 1: 0, 2: 0, 3: 0, 4: 0}",1
421,False,"{'a': 0.05, 'e': 3.437075797193523e-08}",30,0,38.96043797041845,"{0: 30, 1: 0, 2: 0, 3: 0, 4: 0}",0
422,False,"{'a': 0.05, 'e': 3.2995927653057816e-08}",20,15,5.563850696749225,"{0: 5, 1: 0, 2: 0, 3: 0, 4: 0}",1
423,False,"{'a': 0.05, 'e': 3.16760905469355e-08}",30,0,37.846184823167924,"{0: 30, 1: 0, 2: 0, 3: 0, 4: 0}",0
424,False,"{'a': 0.05, 'e': 3.040904692505808e-08}",25,12,21.247178598059996,"{0: 13, 1: 0, 2: 0, 3: 0, 4: 0}",1
425,False,"{'a': 0.05, 'e': 2.9192685048055757e-08}",20,0,26.10937476832759,"{0: 20, 1: 0, 2: 0, 3: 0, 4: 0}",0
426,False,"{'a': 0.05, 'e': 2.8024977646133528e-08}",20,9,14.074526745302627,"{0: 11, 1: 0, 2: 0, 3: 0, 4: 0}",1
427,False,"{'a': 0.05, 'e': 2.6903978540288184e-08}",25,0,34.01312588475511,"{0: 25, 1: 0, 2: 0, 3: 0, 4: 0}",0
428,False,"{'a': 0.05, 'e': 2.5827819398676657e-08}",20,7,22.587374831686084,"{0: 13, 1: 0, 2: 0, 3: 0, 4: 0}",1
429,False,"{'a': 0.05, 'e': 2.479470662272959e-08}",20,10,17.81833339346988,"{0: 10, 1: 0, 2: 0, 3: 0, 4: 0}",1
430,False,"{'a': 0.05, 'e': 2.3802918357820405e-08}",20,9,16.632814526835734,"{0: 11, 1: 0, 2: 0, 3: 0, 4: 0}",1
431,False,"{'a': 0.05, 'e': 2.2850801623507586e-08}",20,11,12.597811515770152,"{0: 9, 1: 0, 2: 0, 3: 0, 4: 0}",1
432,False,"{'a': 0.05, 'e': 2.1936769558567283e-08}",20,0,28.59175741696212,"{0: 20, 1: 0, 2: 0, 3: 0, 4: 0}",0
433,False,"{'a': 0.05, 'e': 2.1059298776224592e-08}",30,20,15.177571400815244,"{0: 10, 1: 0, 2: 0, 3: 0, 4: 0}",1
434,False,"{'a': 0.05, 'e': 2.0216926825175607e-08}",30,7,30.829966000497457,"{0: 23, 1: 0, 2: 0, 3: 0, 4: 0}",1
435,False,"{'a': 0.05, 'e': 1.9408249752168583e-08}",20,2,21.200501485957265,"{0: 18, 1: 0, 2: 0, 3: 0, 4: 0}",1
436,False,"{'a': 0.05, 'e': 1.8631919762081837e-08}",20,0,29.902286556987246,"{0: 20, 1: 0, 2: 0, 3: 0, 4: 0}",0
437,False,"{'a': 0.05, 'e': 1.7886642971598564e-08}",30,18,16.22233403736163,"{0: 12, 1: 0, 2: 0, 3: 0, 4: 0}",1
438,False,"{'a': 0.05, 'e': 1.717117725273462e-08}",20,13,9.20070290870431,"{0: 7, 1: 0, 2: 0, 3: 0, 4: 0}",1
439,False,"{'a': 0.05, 'e': 1.6484330162625237e-08}",20,0,32.47487546923509,"{0: 20, 1: 0, 2: 0, 3: 0, 4: 0}",0
440,False,"{'a': 0.05, 'e': 1.5824956956120226e-08}",25,0,34.66889559838556,"{0: 25, 1: 0, 2: 0, 3: 0, 4: 0}",0
441,False,"{'a': 0.05, 'e': 1.5191958677875416e-08}",30,0,-8.819078058454199,"{0: 29, 1: 0, 2: 0, 3: 0, 4: 1}",0
442,False,"{'a': 0.05, 'e': 1.4584280330760399e-08}",25,6,30.48725905249582,"{0: 19, 1: 0, 2: 0, 3: 0, 4: 0}",1
443,False,"{'a': 0.05, 'e': 1.4000909117529982e-08}",20,0,28.051636827210512,"{0: 20, 1: 0, 2: 0, 3: 0, 4: 0}",0
444,False,"{'a': 0.05, 'e': 1.3440872752828782e-08}",20,11,18.898490863883186,"{0: 9, 1: 0, 2: 0, 3: 0, 4: 0}",1
445,False,"{'a': 0.05, 'e': 1.2903237842715631e-08}",20,0,12.920810684696287,"{0: 20, 1: 0, 2: 0, 3: 0, 4: 0}",0
446,False,"{'a': 0.05, 'e': 1.2387108329007004e-08}",25,0,-5.6247913622098284,"{0: 24, 1: 0, 2: 0, 3: 0, 4: 1}",0
447,False,"{'a': 0.05, 'e': 1.1891623995846724e-08}",25,0,37.4424670313818,"{0: 25, 1: 0, 2: 0, 3: 0, 4: 0}",0
448,False,"{'a': 0.05, 'e': 1.1415959036012854e-08}",25,14,19.73211136771255,"{0: 11, 1: 0, 2: 0, 3: 0, 4: 0}",1
449,False,"{'a': 0.05, 'e': 1.0959320674572341e-08}",20,9,21.64341078135173,"{0: 11, 1: 0, 2: 0, 3: 0, 4: 0}",1
450,False,"{'a': 0.8, 'e': 1.0520947847589446e-08}",25,5,32.200166086138175,"{0: 20, 1: 0, 2: 0, 3: 0, 4: 0}",1
451,False,"{'a': 0.05, 'e': 1.0100109933685868e-08}",20,10,14.880770287530487,"{0: 10, 1: 0, 2: 0, 3: 0, 4: 0}",1
452,False,"{'a': 0.05, 'e': 9.696105536338433e-09}",20,0,27.477541014278785,"{0: 20, 1: 0, 2: 0, 3: 0, 4: 0}",0
453,False,"{'a': 0.05, 'e': 9.308261314884895e-09}",25,20,9.064241181531605,"{0: 5, 1: 0, 2: 0, 3: 0, 4: 0}",1
454,False,"{'a': 0.05, 'e': 8.935930862289498e-09}",25,8,33.22352848618513,"{0: 17, 1: 0, 2: 0, 3: 0, 4: 0}",1
455,False,"{'a': 0.05, 'e': 8.578493627797918e-09}",30,2,38.5847357453914,"{0: 28, 1: 0, 2: 0, 3: 0, 4: 0}",1
456,False,"{'a': 0.05, 'e': 8.235353882686002e-09}",25,0,26.66319484506611,"{0: 24, 1: 1, 2: 0, 3: 0, 4: 0}",0
457,False,"{'a': 0.05, 'e': 7.905939727378562e-09}",20,0,24.390068134630795,"{0: 20, 1: 0, 2: 0, 3: 0, 4: 0}",0
458,False,"{'a': 0.05, 'e': 7.589702138283419e-09}",30,1,48.25101918666375,"{0: 29, 1: 0, 2: 0, 3: 0, 4: 0}",1
459,False,"{'a': 0.05, 'e': 7.286114052752082e-09}",25,8,30.759236135445864,"{0: 17, 1: 0, 2: 0, 3: 0, 4: 0}",1
460,False,"{'a': 0.05, 'e': 6.994669490641998e-09}",25,0,36.10387425971913,"{0: 25, 1: 0, 2: 0, 3: 0, 4: 0}",0
461,False,"{'a': 0.05, 'e': 6.714882711016318e-09}",30,16,22.750384549305117,"{0: 14, 1: 0, 2: 0, 3: 0, 4: 0}",1
462,False,"{'a': 0.05, 'e': 6.446287402575665e-09}",20,12,13.476423389294444,"{0: 8, 1: 0, 2: 0, 3: 0, 4: 0}",1
463,False,"{'a': 0.05, 'e': 6.188435906472638e-09}",30,23,14.417663071957032,"{0: 7, 1: 0, 2: 0, 3: 0, 4: 0}",1
464,False,"{'a': 0.05, 'e': 5.940898470213732e-09}",25,0,40.525832980251735,"{0: 25, 1: 0, 2: 0, 3: 0, 4: 0}",0
465,False,"{'a': 0.05, 'e': 5.7032625314051825e-09}",30,16,18.295400427295153,"{0: 14, 1: 0, 2: 0, 3: 0, 4: 0}",1
466,False,"{'a': 0.05, 'e': 5.475132030148976e-09}",25,8,29.41024189552022,"{0: 17, 1: 0, 2: 0, 3: 0, 4: 0}",1
467,False,"{'a': 0.05, 'e': 5.256126748943016e-09}",25,0,31.653950762121966,"{0: 25, 1: 0, 2: 0, 3: 0, 4: 0}",0
468,False,"{'a': 0.05, 'e': 5.045881678985295e-09}",20,0,29.317277982540457,"{0: 20, 1: 0, 2: 0, 3: 0, 4: 0}",0
469,False,"{'a': 0.05, 'e': 4.844046411825884e-09}",25,0,32.47638511954371,"{0: 25, 1: 0, 2: 0, 3: 0, 4: 0}",0
470,False,"{'a': 0.05, 'e': 4.650284555352848e-09}",25,8,28.829562775005314,"{0: 17, 1: 0, 2: 0, 3: 0, 4: 0}",1
471,False,"{'a': 0.05, 'e': 4.464273173138734e-09}",20,0,21.09622412240551,"{0: 20, 1: 0, 2: 0, 3: 0, 4: 0}",0
472,False,"{'a': 0.05, 'e': 4.285702246213184e-09}",20,11,16.803862663879983,"{0: 9, 1: 0, 2: 0, 3: 0, 4: 0}",1
473,False,"{'a': 0.05, 'e': 4.114274156364657e-09}",25,3,29.477883894659968,"{0: 22, 1: 0, 2: 0, 3: 0, 4: 0}",1
474,False,"{'a': 0.05, 'e': 3.94970319011007e-09}",30,0,29.77737605416948,"{0: 29, 1: 0, 2: 1, 3: 0, 4: 0}",0
475,False,"{'a': 0.05, 'e': 3.7917150625056675e-09}",25,15,-5.388433586623496,"{0: 9, 1: 0, 2: 0, 3: 1, 4: 0}",1
476,False,"{'a': 0.05, 'e': 3.6400464600054404e-09}",20,10,18.86284345231683,"{0: 10, 1: 0, 2: 0, 3: 0, 4: 0}",1
477,False,"{'a': 0.05, 'e': 3.494444601605223e-09}",30,0,36.44200631221008,"{0: 30, 1: 0, 2: 0, 3: 0, 4: 0}",0
478,False,"{'a': 0.05, 'e': 3.3546668175410136e-09}",25,16,14.31833652531563,"{0: 9, 1: 0, 2: 0, 3: 0, 4: 0}",1
479,False,"{'a': 0.05, 'e': 3.2204801448393733e-09}",30,16,20.096681535508367,"{0: 14, 1: 0, 2: 0, 3: 0, 4: 0}",1
480,False,"{'a': 0.05, 'e': 3.091660939045798e-09}",25,0,34.998759791787265,"{0: 25, 1: 0, 2: 0, 3: 0, 4: 0}",0
481,False,"{'a': 0.05, 'e': 2.967994501483966e-09}",25,11,16.666212767705474,"{0: 14, 1: 0, 2: 0, 3: 0, 4: 0}",1
482,False,"{'a': 0.05, 'e': 2.8492747214246072e-09}",20,3,28.17461095645023,"{0: 17, 1: 0, 2: 0, 3: 0, 4: 0}",1
483,False,"{'a': 0.05, 'e': 2.735303732567623e-09}",20,11,16.852541108325127,"{0: 9, 1: 0, 2: 0, 3: 0, 4: 0}",1
484,False,"{'a': 0.05, 'e': 2.6258915832649178e-09}",20,0,33.72954797745461,"{0: 20, 1: 0, 2: 0, 3: 0, 4: 0}",0
485,False,"{'a': 0.05, 'e': 2.520855919934321e-09}",25,12,16.312123918613395,"{0: 13, 1: 0, 2: 0, 3: 0, 4: 0}",1
486,False,"{'a': 0.05, 'e': 2.420021683136948e-09}",25,16,14.160659881602898,"{0: 9, 1: 0, 2: 0, 3: 0, 4: 0}",1
487,False,"{'a': 0.05, 'e': 2.32322081581147e-09}",25,8,24.5020381055501,"{0: 17, 1: 0, 2: 0, 3: 0, 4: 0}",1
488,False,"{'a': 0.05, 'e': 2.2302919831790113e-09}",20,10,14.523326342271428,"{0: 10, 1: 0, 2: 0, 3: 0, 4: 0}",1
489,False,"{'a': 0.05, 'e': 2.141080303851851e-09}",20,0,28.35713987467035,"{0: 20, 1: 0, 2: 0, 3: 0, 4: 0}",0
490,False,"{'a': 0.05, 'e': 2.0554370916977768e-09}",25,0,35.66817934296574,"{0: 25, 1: 0, 2: 0, 3: 0, 4: 0}",0
491,False,"{'a': 0.05, 'e': 1.9732196080298655e-09}",30,7,37.951158829707644,"{0: 23, 1: 0, 2: 0, 3: 0, 4: 0}",1
492,False,"{'a': 0.05, 'e': 1.894290823708671e-09}",25,0,18.70847174192527,"{0: 24, 1: 0, 2: 1, 3: 0, 4: 0}",0
493,False,"{'a': 0.05, 'e': 1.818519190760324e-09}",20,0,27.428517430096857,"{0: 20, 1: 0, 2: 0, 3: 0, 4: 0}",0
494,False,"{'a': 0.05, 'e': 1.7457784231299108e-09}",20,16,7.718012406282536,"{0: 4, 1: 0, 2: 0, 3: 0, 4: 0}",1
495,False,"{'a': 0.05, 'e': 1.6759472862047143e-09}",25,18,8.272576702879064,"{0: 7, 1: 0, 2: 0, 3: 0, 4: 0}",1
496,False,"{'a': 0.05, 'e': 1.6089093947565257e-09}",25,1,37.1668199081442,"{0: 24, 1: 0, 2: 0, 3: 0, 4: 0}",1
497,False,"{'a': 0.05, 'e': 1.5445530189662645e-09}",25,6,24.671084802656672,"{0: 19, 1: 0, 2: 0, 3: 0, 4: 0}",1
498,False,"{'a': 0.05, 'e': 1.482770898207614e-09}",35,0,44.47525654546677,"{0: 35, 1: 0, 2: 0, 3: 0, 4: 0}",0
499,False,"{'a': 0.05, 'e': 1.4234600622793094e-09}",25,3,32.49153335501752,"{0: 22, 1: 0, 2: 0, 3: 0, 4: 0}",1
500,False,"{'a': 0.8, 'e': 1.366521659788137e-09}",20,9,20.461311877851788,"{0: 11, 1: 0, 2: 0, 3: 0, 4: 0}",1
501,False,"{'a': 0.05, 'e': 1.3118607933966115e-09}",30,0,30.315368939848454,"{0: 30, 1: 0, 2: 0, 3: 0, 4: 0}",0
1,True,"{'a': 0, 'e': 0}",35,22,24.403241190989625,"{0: 13, 1: 0, 2: 0, 3: 0, 4: 0}",1
2,True,"{'a': 0, 'e': 0}",20,0,23.707484741958023,"{0: 20, 1: 0, 2: 0, 3: 0, 4: 0}",0
3,True,"{'a': 0, 'e': 0}",25,20,8.97247824986183,"{0: 5, 1: 0, 2: 0, 3: 0, 4: 0}",1
4,True,"{'a': 0, 'e': 0}",20,6,24.491924725192668,"{0: 14, 1: 0, 2: 0, 3: 0, 4: 0}",1
5,True,"{'a': 0, 'e': 0}",30,19,22.800521613326186,"{0: 11, 1: 0, 2: 0, 3: 0, 4: 0}",1
6,True,"{'a': 0, 'e': 0}",20,9,19.299813832873586,"{0: 11, 1: 0, 2: 0, 3: 0, 4: 0}",1
7,True,"{'a': 0, 'e': 0}",20,5,20.216237063796473,"{0: 15, 1: 0, 2: 0, 3: 0, 4: 0}",1
8,True,"{'a': 0, 'e': 0}",20,15,10.232323224635573,"{0: 5, 1: 0, 2: 0, 3: 0, 4: 0}",1
9,True,"{'a': 0, 'e': 0}",30,11,27.239608751237473,"{0: 19, 1: 0, 2: 0, 3: 0, 4: 0}",1
10,True,"{'a': 0, 'e': 0}",25,0,31.569599577582498,"{0: 25, 1: 0, 2: 0, 3: 0, 4: 0}",0
11,True,"{'a': 0, 'e': 0}",25,9,23.495157983584303,"{0: 16, 1: 0, 2: 0, 3: 0, 4: 0}",1
12,True,"{'a': 0, 'e': 0}",20,13,13.426163729707262,"{0: 7, 1: 0, 2: 0, 3: 0, 4: 0}",1
13,True,"{'a': 0, 'e': 0}",30,17,21.296408473301252,"{0: 13, 1: 0, 2: 0, 3: 0, 4: 0}",1
14,True,"{'a': 0, 'e': 0}",30,4,37.657562770339254,"{0: 26, 1: 0, 2: 0, 3: 0, 4: 0}",1
15,True,"{'a': 0, 'e': 0}",25,10,27.58763579739563,"{0: 15, 1: 0, 2: 0, 3: 0, 4: 0}",1
16,True,"{'a': 0, 'e': 0}",20,0,27.69801852349378,"{0: 20, 1: 0, 2: 0, 3: 0, 4: 0}",0
17,True,"{'a': 0, 'e': 0}",20,2,24.167837988168593,"{0: 18, 1: 0, 2: 0, 3: 0, 4: 0}",1
18,True,"{'a': 0, 'e': 0}",25,15,16.04703825880381,"{0: 10, 1: 0, 2: 0, 3: 0, 4: 0}",1
19,True,"{'a': 0, 'e': 0}",20,5,17.543065867671046,"{0: 15, 1: 0, 2: 0, 3: 0, 4: 0}",1
20,True,"{'a': 0, 'e': 0}",20,13,14.278031444252964,"{0: 7, 1: 0, 2: 0, 3: 0, 4: 0}",1
